<?xml version="1.0" encoding="UTF-8"?>
<!--
  ~ Copyright (c) 2008-2019, Hazelcast, Inc. All Rights Reserved.
  ~
  ~ Licensed under the Apache License, Version 2.0 (the "License");
  ~ you may not use this file except in compliance with the License.
  ~ You may obtain a copy of the License at
  ~
  ~ http://www.apache.org/licenses/LICENSE-2.0
  ~
  ~ Unless required by applicable law or agreed to in writing, software
  ~ distributed under the License is distributed on an "AS IS" BASIS,
  ~ WITHOUT WARRANTIES OR CONDITIONS OF ANY KIND, either express or implied.
  ~ See the License for the specific language governing permissions and
  ~ limitations under the License.
  -->

<!--
This is a full example hazelcast.xml that includes all the configuration elements and attributes of Hazelcast.
To use this, rename it to hazelcast.xml and place it in the directory where you start Hazelcast.
Please see the schema to learn how to configure Hazelcast at
https://hazelcast.com/schema/config/hazelcast-config-3.8.xsd or the Reference Manual at
https://hazelcast.org/documentation/.
-->
<hazelcast xsi:schemaLocation="http://www.hazelcast.com/schema/config hazelcast-config-3.10.xsd"
           xmlns="http://www.hazelcast.com/schema/config"
           xmlns:xsi="http://www.w3.org/2001/XMLSchema-instance">

    <management-center enabled="true">
        <url>http://localhost:8080/hazelcast-mancenter</url>
    </management-center>
    <network>
        <port auto-increment="true" port-count="100">5701</port>
        <!-- If the address should be reused. See NetworkConfig.setReuseAddress for more information. -->
        <reuse-address>true</reuse-address>
        <join>
            <multicast enabled="false" loopbackModeEnabled="true">
            </multicast>
            <tcp-ip enabled="true" connection-timeout-seconds="123">
                <interface>127.0.0.1</interface>
                <member-list>
                    <member>127.0.0.1</member>
                </member-list>
            </tcp-ip>
            <aws enabled="false">
                <access-key>my-access-key</access-key>
                <secret-key>my-secret-key</secret-key>
                <iam-role>dummy</iam-role>
                <!--optional, default is us-east-1 -->
                <region>us-west-1</region>
                <!--optional, default is ec2.amazonaws.com. If set, region shouldn't be set as it will override this property -->
                <host-header>ec2.amazonaws.com</host-header>
                <!-- optional, only instances belonging to this group will be discovered, default will try all running instances -->
                <security-group-name>hazelcast-sg</security-group-name>
                <tag-key>type</tag-key>
                <tag-value>hz-nodes</tag-value>
                <use-public-ip>true</use-public-ip>
            </aws>
            <gcp enabled="false">
                <zones>us-east1-b,us-east1-c</zones>
            </gcp>
            <azure enabled="false">
                <client-id>CLIENT_ID</client-id>
                <client-secret>CLIENT_SECRET</client-secret>
                <tenant-id>TENANT_ID</tenant-id>
                <subscription-id>SUB_ID</subscription-id>
                <cluster-id>HZLCAST001</cluster-id>
                <group-name>GROUP-NAME</group-name>
            </azure>
            <kubernetes enabled="false">
                <namespace>MY-KUBERNETES-NAMESPACE</namespace>
                <service-name>MY-SERVICE-NAME</service-name>
                <service-label-name>MY-SERVICE-LABEL-NAME</service-label-name>
                <service-label-value>MY-SERVICE-LABEL-VALUE</service-label-value>
            </kubernetes>
            <eureka enabled="false">
                <self-registration>true</self-registration>
                <namespace>hazelcast</namespace>
            </eureka>
            <!--            <discovery-strategies>
                            <node-filter class="DummyFilterClass"/>
                            <discovery-strategy class="DummyClass" enabled="true">
                                <properties>
                                    <property name="foo">bar</property>
                                </properties>
                            </discovery-strategy>
                        </discovery-strategies>-->
        </join>
        <interfaces enabled="true">
            <interface>127.0.0.1</interface>
        </interfaces>
        <ssl enabled="false">
            <factory-class-name>com.hazelcast.examples.MySSLContextFactory</factory-class-name>
            <properties>
                <property name="foo">bar</property>
            </properties>
        </ssl>
        <socket-interceptor enabled="false">
            <class-name>com.hazelcast.examples.MySocketInterceptor</class-name>
            <properties>
                <property name="foo">bar</property>
            </properties>
        </socket-interceptor>
        <symmetric-encryption enabled="false">
            <!--
               encryption algorithm such as
               DES/ECB/PKCS5Padding,
               PBEWithMD5AndDES,
               AES/CBC/PKCS5Padding,
               Blowfish,
               DESede
            -->
            <algorithm>PBEWithMD5AndDES</algorithm>
            <!-- salt value to use when generating the secret key -->
            <salt>thesalt</salt>
            <!-- pass phrase to use when generating the secret key -->
            <password>thepass</password>
            <!-- iteration count to use when generating the secret key -->
            <iteration-count>19</iteration-count>
        </symmetric-encryption>
        <member-address-provider enabled="false">
            <class-name>DummyMemberAddressProvider</class-name>
            <properties>
                <property name="foo">bar</property>
            </properties>
        </member-address-provider>
        <failure-detector>
            <icmp enabled="false">
                <timeout-milliseconds>1000</timeout-milliseconds>
                <fail-fast-on-startup>true</fail-fast-on-startup>
                <interval-milliseconds>1000</interval-milliseconds>
                <max-attempts>2</max-attempts>
                <parallel-mode>true</parallel-mode>
                <ttl>255</ttl>
            </icmp>
        </failure-detector>
    </network>

</hazelcast>
